IndexTotal,Index,Title,AverageReviewScore,NumberOfReviews,Images,Highlights,Price,Savings,MonthlyPayment
1,0,"LG - 48"" Class B4 Series OLED 4K UHD Smart webOS TV (2024)",0,0,"['https://pisces.bbystatic.com/image2/BestBuy_US/images/products/6d363129-0812-41d4-b7e3-5e3b15c4df3f.jpg;maxHeight=128;maxWidth=64?format=webp', 'https://pisces.bbystatic.com/prescaled/180/320/image2/BestBuy_US/images/videos/1806534108.jpg;maxHeight=128;maxWidth=64?format=webp', 'https://pisces.bbystatic.com/image2/BestBuy_US/images/products/6d363129-0812-41d4-b7e3-5e3b15c4df3f.jpg;maxHeight=128;maxWidth=64?format=webp', 'https://pisces.bbystatic.com/image2/BestBuy_US/images/products/6d363129-0812-41d4-b7e3-5e3b15c4df3f.jpg;maxHeight=128;maxWidth=64?format=webp', 'https://pisces.bbystatic.com/image2/BestBuy_US/images/products/6d363129-0812-41d4-b7e3-5e3b15c4df3f.jpg;maxHeight=1920;maxWidth=900?format=webp']",,599.99,100,50
2,1,Samsung - 65” Class S85D Series OLED 4K Smart Tizen TV (2024),0,0,"['https://pisces.bbystatic.com/image2/BestBuy_US/images/products/6578/6578059_sd.jpg;maxHeight=128;maxWidth=64?format=webp', 'https://pisces.bbystatic.com/prescaled/180/320/image2/BestBuy_US/images/videos/1309919774.jpg;maxHeight=128;maxWidth=64?format=webp', 'https://pisces.bbystatic.com/image2/BestBuy_US/images/products/6578/6578059_sd.jpg;maxHeight=128;maxWidth=64?format=webp', 'https://pisces.bbystatic.com/image2/BestBuy_US/images/products/6578/6578059_sd.jpg;maxHeight=128;maxWidth=64?format=webp', 'https://pisces.bbystatic.com/image2/BestBuy_US/images/products/6578/6578059_sd.jpg;maxHeight=1920;maxWidth=900?format=webp']","Resolution4K (2160p)Screen Size Class65 inchesDisplay TypeOLEDSmart CapableYesVoice Assistant Built-inAmazon Alexa, Bixby",1299.99,500,75
3,2,TV + Samsung HW-Q850D 7.1.2-Ch Soundbar,4.8,1014,"['https://pisces.bbystatic.com/image2/BestBuy_US/images/products/6576/6576598_sd.jpg;maxHeight=550;maxWidth=650', 'https://pisces.bbystatic.com/image2/BestBuy_US/images/products/50d42d40-13cd-44f8-ae84-3aeb14931de9.jpg;maxHeight=550;maxWidth=650', 'https://pisces.bbystatic.com/image2/BestBuy_US/images/products/6576/6576598_sd.jpg;maxHeight=62;maxWidth=62', 'https://pisces.bbystatic.com/image2/BestBuy_US/images/products/50d42d40-13cd-44f8-ae84-3aeb14931de9.jpg;maxHeight=62;maxWidth=62']",,1799.98,300,104.16
4,3,TV + Samsung HW-Q990D 11.1.4-Ch Soundbar,4.8,1014,"['https://pisces.bbystatic.com/image2/BestBuy_US/images/products/6576/6576598_sd.jpg;maxHeight=550;maxWidth=650', 'https://pisces.bbystatic.com/image2/BestBuy_US/images/products/6570/6570312_sd.jpg;maxHeight=550;maxWidth=650', 'https://pisces.bbystatic.com/image2/BestBuy_US/images/products/6576/6576598_sd.jpg;maxHeight=62;maxWidth=62', 'https://pisces.bbystatic.com/image2/BestBuy_US/images/products/6570/6570312_sd.jpg;maxHeight=62;maxWidth=62']",,2499.98,300,72.91
5,4,TV + Samsung HW-QS730D 3.1.2-Ch Soundbar,4.8,1014,"['https://pisces.bbystatic.com/image2/BestBuy_US/images/products/6576/6576598_sd.jpg;maxHeight=550;maxWidth=650', 'https://pisces.bbystatic.com/image2/BestBuy_US/images/products/caa5d62f-2dfc-4b84-bcc1-b8d12fc7886b.jpg;maxHeight=550;maxWidth=650', 'https://pisces.bbystatic.com/image2/BestBuy_US/images/products/6576/6576598_sd.jpg;maxHeight=62;maxWidth=62', 'https://pisces.bbystatic.com/image2/BestBuy_US/images/products/caa5d62f-2dfc-4b84-bcc1-b8d12fc7886b.jpg;maxHeight=62;maxWidth=62']",,1749.98,300,68.75
6,5,"Package - LG - 65"" Class C4 Series OLED evo 4K UHD Smart webOS TV (2024) and 5.1.1-Channel S70TR Home Theater Soundbar with Wireless Subwoofer and Rear Speakers, Dolby Atmos, WOW Orchestra - Black",4.8,1059,"['https://pisces.bbystatic.com/image2/BestBuy_US/images/products/6944bb15-f509-4fba-9434-5eb440029c22.jpg;maxHeight=550;maxWidth=650', 'https://pisces.bbystatic.com/image2/BestBuy_US/images/products/6578/6578017ld.jpg;maxHeight=550;maxWidth=650', 'https://pisces.bbystatic.com/image2/BestBuy_US/images/products/6944bb15-f509-4fba-9434-5eb440029c22.jpg;maxHeight=62;maxWidth=62', 'https://pisces.bbystatic.com/image2/BestBuy_US/images/products/6578/6578017ld.jpg;maxHeight=62;maxWidth=62']",,1649.98,300,99.99
7,6,"Package - LG - 65"" Class C4 Series OLED evo 4K UHD Smart webOS TV (2024) and 7.1.3-Channel S90TR Home Theater Soundbar with Wireless Subwoofer and Rear Speakers, Dolby Atmos, WOW Orchestra - Black",4.8,1062,"['https://pisces.bbystatic.com/image2/BestBuy_US/images/products/6944bb15-f509-4fba-9434-5eb440029c22.jpg;maxHeight=550;maxWidth=650', 'https://pisces.bbystatic.com/image2/BestBuy_US/images/products/759e0d40-6cc9-4df3-a3b7-9f4b81f76968.jpg;maxHeight=550;maxWidth=650', 'https://pisces.bbystatic.com/image2/BestBuy_US/images/products/6944bb15-f509-4fba-9434-5eb440029c22.jpg;maxHeight=62;maxWidth=62', 'https://pisces.bbystatic.com/image2/BestBuy_US/images/products/759e0d40-6cc9-4df3-a3b7-9f4b81f76968.jpg;maxHeight=62;maxWidth=62']",,2399.98,300,74.99
8,7,"Package - LG - 65"" Class C4 Series OLED evo 4K UHD Smart webOS TV (2024) and 3.1.3 Channel SC9S Soundbar with Wireless Subwoofer, Dolby Atmos, WOW Orchestra - Black",4.8,1062,"['https://pisces.bbystatic.com/image2/BestBuy_US/images/products/6944bb15-f509-4fba-9434-5eb440029c22.jpg;maxHeight=550;maxWidth=650', 'https://pisces.bbystatic.com/image2/BestBuy_US/images/products/6537/6537780cv37d.jpg;maxHeight=550;maxWidth=650', 'https://pisces.bbystatic.com/image2/BestBuy_US/images/products/6944bb15-f509-4fba-9434-5eb440029c22.jpg;maxHeight=62;maxWidth=62', 'https://pisces.bbystatic.com/image2/BestBuy_US/images/products/6537/6537780cv37d.jpg;maxHeight=62;maxWidth=62']",,1799.98,300,81.24
9,8,TV + Samsung HW-QS730D 3.1.2-Ch Soundbar,4.8,0,"['https://pisces.bbystatic.com/image2/BestBuy_US/images/products/6576/6576598_sd.jpg;maxHeight=550;maxWidth=650', 'https://pisces.bbystatic.com/image2/BestBuy_US/images/products/caa5d62f-2dfc-4b84-bcc1-b8d12fc7886b.jpg;maxHeight=550;maxWidth=650', 'https://pisces.bbystatic.com/image2/BestBuy_US/images/products/6576/6576598_sd.jpg;maxHeight=62;maxWidth=62', 'https://pisces.bbystatic.com/image2/BestBuy_US/images/products/caa5d62f-2dfc-4b84-bcc1-b8d12fc7886b.jpg;maxHeight=62;maxWidth=62']",,1949.98,100,77.1
10,9,"Package - LG - 65"" Class C4 Series OLED evo 4K UHD Smart webOS TV (2024) and 5.1.1-Channel S70TR Home Theater Soundbar with Wireless Subwoofer and Rear Speakers, Dolby Atmos, WOW Orchestra - Black",4.8,0,"['https://pisces.bbystatic.com/image2/BestBuy_US/images/products/6944bb15-f509-4fba-9434-5eb440029c22.jpg;maxHeight=550;maxWidth=650', 'https://pisces.bbystatic.com/image2/BestBuy_US/images/products/6578/6578017ld.jpg;maxHeight=550;maxWidth=650', 'https://pisces.bbystatic.com/image2/BestBuy_US/images/products/6944bb15-f509-4fba-9434-5eb440029c22.jpg;maxHeight=62;maxWidth=62', 'https://pisces.bbystatic.com/image2/BestBuy_US/images/products/6578/6578017ld.jpg;maxHeight=62;maxWidth=62']",,1849.98,100,99.99
11,10,"Package - LG - 65"" Class B4 Series OLED 4K UHD Smart webOS TV (2024) and 9.1.5-Channel S95TR Home Theater Soundbar with Wireless Subwoofer and Rear Speakers, Dolby Atmos, WOW Orchestra - Black",4.7,214,"['https://pisces.bbystatic.com/image2/BestBuy_US/images/products/a251f1a3-c702-46a3-bbf2-295c829dd44f.jpg;maxHeight=550;maxWidth=650', 'https://pisces.bbystatic.com/image2/BestBuy_US/images/products/6577/6577958ld.jpg;maxHeight=550;maxWidth=650', 'https://pisces.bbystatic.com/image2/BestBuy_US/images/products/a251f1a3-c702-46a3-bbf2-295c829dd44f.jpg;maxHeight=62;maxWidth=62', 'https://pisces.bbystatic.com/image2/BestBuy_US/images/products/6577/6577958ld.jpg;maxHeight=62;maxWidth=62']",,2399.98,300,104
12,11,"Package - LG - 65"" Class B4 Series OLED 4K UHD Smart webOS TV (2024) and 9.1.5-Channel S95AR Home Theater Soundbar with Wireless Subwoofer and Rear Speakers, Dolby Atmos, WOW Orchestra - Black",4.7,214,"['https://pisces.bbystatic.com/image2/BestBuy_US/images/products/a251f1a3-c702-46a3-bbf2-295c829dd44f.jpg;maxHeight=550;maxWidth=650', 'https://pisces.bbystatic.com/image2/BestBuy_US/images/products/b2a1f7d3-fe34-4cc7-8af1-c87ff89a48b7.jpg;maxHeight=550;maxWidth=650', 'https://pisces.bbystatic.com/image2/BestBuy_US/images/products/a251f1a3-c702-46a3-bbf2-295c829dd44f.jpg;maxHeight=62;maxWidth=62', 'https://pisces.bbystatic.com/image2/BestBuy_US/images/products/b2a1f7d3-fe34-4cc7-8af1-c87ff89a48b7.jpg;maxHeight=62;maxWidth=62']",,2499.98,300,56.25
13,12,"Package - LG - 65"" Class B4 Series OLED 4K UHD Smart webOS TV (2024) and 5.1.1-Channel S70TR Home Theater Soundbar with Wireless Subwoofer and Rear Speakers, Dolby Atmos, WOW Orchestra - Black",4.7,214,"['https://pisces.bbystatic.com/image2/BestBuy_US/images/products/a251f1a3-c702-46a3-bbf2-295c829dd44f.jpg;maxHeight=550;maxWidth=650', 'https://pisces.bbystatic.com/image2/BestBuy_US/images/products/6578/6578017ld.jpg;maxHeight=550;maxWidth=650', 'https://pisces.bbystatic.com/image2/BestBuy_US/images/products/a251f1a3-c702-46a3-bbf2-295c829dd44f.jpg;maxHeight=62;maxWidth=62', 'https://pisces.bbystatic.com/image2/BestBuy_US/images/products/6578/6578017ld.jpg;maxHeight=62;maxWidth=62']",,1349.98,300,62.5
14,13,"Package - LG - 65"" Class B4 Series OLED 4K UHD Smart webOS TV (2024) and 3.1.3 Channel SC9S Soundbar with Wireless Subwoofer, Dolby Atmos, WOW Orchestra - Black",4.7,214,"['https://pisces.bbystatic.com/image2/BestBuy_US/images/products/a251f1a3-c702-46a3-bbf2-295c829dd44f.jpg;maxHeight=550;maxWidth=650', 'https://pisces.bbystatic.com/image2/BestBuy_US/images/products/6537/6537780cv37d.jpg;maxHeight=550;maxWidth=650', 'https://pisces.bbystatic.com/image2/BestBuy_US/images/products/a251f1a3-c702-46a3-bbf2-295c829dd44f.jpg;maxHeight=62;maxWidth=62', 'https://pisces.bbystatic.com/image2/BestBuy_US/images/products/6537/6537780cv37d.jpg;maxHeight=62;maxWidth=62']",,1499.98,300,79.16
15,14,"Package - LG - 65"" Class B4 Series OLED 4K UHD Smart webOS TV (2024) and 5.1.3-Channel S90TY Soundbar with Wireless Subwoofer, Dolby Atmos, WOW Orchestra - Black",4.7,214,"['https://pisces.bbystatic.com/image2/BestBuy_US/images/products/a251f1a3-c702-46a3-bbf2-295c829dd44f.jpg;maxHeight=550;maxWidth=650', 'https://pisces.bbystatic.com/image2/BestBuy_US/images/products/b98a5bdf-892d-4190-ab75-077a79c25f91.jpg;maxHeight=550;maxWidth=650', 'https://pisces.bbystatic.com/image2/BestBuy_US/images/products/a251f1a3-c702-46a3-bbf2-295c829dd44f.jpg;maxHeight=62;maxWidth=62', 'https://pisces.bbystatic.com/image2/BestBuy_US/images/products/b98a5bdf-892d-4190-ab75-077a79c25f91.jpg;maxHeight=62;maxWidth=62']",,1899.98,300,0
16,15,"Package - LG - 65"" Class B4 Series OLED 4K UHD Smart webOS TV (2024) and 5.1.3-Channel S80TR Home Theater Soundbar with Wireless Subwoofer and Rear Speakers, Dolby Atmos, WOW Orchestra - Black",4.7,214,"['https://pisces.bbystatic.com/image2/BestBuy_US/images/products/a251f1a3-c702-46a3-bbf2-295c829dd44f.jpg;maxHeight=550;maxWidth=650', 'https://pisces.bbystatic.com/image2/BestBuy_US/images/products/f8c3f907-cb69-404d-8c8f-9e1a47b39a53.jpg;maxHeight=550;maxWidth=650', 'https://pisces.bbystatic.com/image2/BestBuy_US/images/products/a251f1a3-c702-46a3-bbf2-295c829dd44f.jpg;maxHeight=62;maxWidth=62', 'https://pisces.bbystatic.com/image2/BestBuy_US/images/products/f8c3f907-cb69-404d-8c8f-9e1a47b39a53.jpg;maxHeight=62;maxWidth=62']",,1749.98,300,99.99
17,16,TV + Samsung HW-Q990D 11.1.4-Ch Soundbar,4.8,0,"['https://pisces.bbystatic.com/image2/BestBuy_US/images/products/6576/6576598_sd.jpg;maxHeight=550;maxWidth=650', 'https://pisces.bbystatic.com/image2/BestBuy_US/images/products/6570/6570312_sd.jpg;maxHeight=550;maxWidth=650', 'https://pisces.bbystatic.com/image2/BestBuy_US/images/products/6576/6576598_sd.jpg;maxHeight=62;maxWidth=62', 'https://pisces.bbystatic.com/image2/BestBuy_US/images/products/6570/6570312_sd.jpg;maxHeight=62;maxWidth=62']",,2399.98,100,100
18,0,Samsung - 65” Class QN70F Series Neo QLED Mini LED 4K UHD SamsungVision AI Smart Tizen TV (2025),5,1,"['https://pisces.bbystatic.com/image2/BestBuy_US/images/products/26833ae8-c0d9-4287-8ba6-f0704cec5466.jpg;maxHeight=128;maxWidth=64?format=webp', 'https://pisces.bbystatic.com/prescaled/180/320/image2/BestBuy_US/images/videos/dilqonsvooax3iicpi3x.jpg;maxHeight=128;maxWidth=64?format=webp', 'https://pisces.bbystatic.com/image2/BestBuy_US/images/products/26833ae8-c0d9-4287-8ba6-f0704cec5466.jpg;maxHeight=128;maxWidth=64?format=webp', 'https://pisces.bbystatic.com/image2/BestBuy_US/images/products/26833ae8-c0d9-4287-8ba6-f0704cec5466.jpg;maxHeight=128;maxWidth=64?format=webp', 'https://pisces.bbystatic.com/image2/BestBuy_US/images/products/26833ae8-c0d9-4287-8ba6-f0704cec5466.jpg;maxHeight=1920;maxWidth=900?format=webp']","Resolution4K (2160p)Screen Size Class65 inchesDisplay TypeLEDBacklight TypeEdge LitSmart CapableYesVoice Assistant Built-inAmazon Alexa, Bixby",1099.99,100,45.84
19,1,Samsung - 77” Class S95D Series OLED 4K Glare-Free Smart Tizen TV (2024),4.3,271,"['https://pisces.bbystatic.com/image2/BestBuy_US/images/products/6576/6576555_sd.jpg;maxHeight=128;maxWidth=64?format=webp', 'https://pisces.bbystatic.com/prescaled/180/320/image2/BestBuy_US/images/videos/1229511780.jpg;maxHeight=128;maxWidth=64?format=webp', 'https://pisces.bbystatic.com/image2/BestBuy_US/images/products/6576/6576555_sd.jpg;maxHeight=128;maxWidth=64?format=webp', 'https://pisces.bbystatic.com/image2/BestBuy_US/images/products/6576/6576555_sd.jpg;maxHeight=128;maxWidth=64?format=webp', 'https://pisces.bbystatic.com/image2/BestBuy_US/images/products/6576/6576555_sd.jpg;maxHeight=1920;maxWidth=900?format=webp']",Resolution4K (2160p)Screen Size Class77 inchesDisplay TypeOLEDSmart CapableYesVoice Assistant Built-inAmazon Alexa,2999.99,800,125
20,2,Samsung - 77” Class S84D Series 4K OLED Smart Tizen TV,5,9,"['https://pisces.bbystatic.com/image2/BestBuy_US/images/products/172a7da0-d220-4c21-bcca-153436db136c.jpg;maxHeight=128;maxWidth=64?format=webp', 'https://pisces.bbystatic.com/prescaled/180/320/image2/BestBuy_US/images/videos/1439133319.jpg;maxHeight=128;maxWidth=64?format=webp', 'https://pisces.bbystatic.com/image2/BestBuy_US/images/products/172a7da0-d220-4c21-bcca-153436db136c.jpg;maxHeight=128;maxWidth=64?format=webp', 'https://pisces.bbystatic.com/image2/BestBuy_US/images/products/172a7da0-d220-4c21-bcca-153436db136c.jpg;maxHeight=128;maxWidth=64?format=webp', 'https://pisces.bbystatic.com/image2/BestBuy_US/images/products/172a7da0-d220-4c21-bcca-153436db136c.jpg;maxHeight=1920;maxWidth=900?format=webp']",Resolution4K (2160p)Screen Size Class77 inchesDisplay TypeOLEDSmart CapableYesVoice Assistant Built-inAmazon Alexa,1599.99,200,66.67
21,3,Samsung - 50” Class QN90D Series Neo QLED 4K Mini LED Smart Tizen TV (2024),4.8,151,"['https://pisces.bbystatic.com/image2/BestBuy_US/images/products/6576/6576431_sd.jpg;maxHeight=128;maxWidth=64?format=webp', 'https://pisces.bbystatic.com/prescaled/180/320/image2/BestBuy_US/images/videos/1747227741.jpg;maxHeight=128;maxWidth=64?format=webp', 'https://pisces.bbystatic.com/image2/BestBuy_US/images/products/6576/6576431_sd.jpg;maxHeight=128;maxWidth=64?format=webp', 'https://pisces.bbystatic.com/image2/BestBuy_US/images/products/6576/6576431_sd.jpg;maxHeight=128;maxWidth=64?format=webp', 'https://pisces.bbystatic.com/image2/BestBuy_US/images/products/6576/6576431_sd.jpg;maxHeight=1920;maxWidth=900?format=webp']",,999.99,400,41.67
22,4,Samsung - 77” Class S85F Series OLED 4K UHD SamsungVision AI Smart Tizen TV (2025),4.8,468,"['https://pisces.bbystatic.com/image2/BestBuy_US/images/products/f1c2ceeb-8a2d-4ffc-91de-6cac8576dccd.jpg;maxHeight=128;maxWidth=64?format=webp', 'https://pisces.bbystatic.com/prescaled/180/320/image2/BestBuy_US/images/videos/mhln5ru82ek9mmbqzn33.jpg;maxHeight=128;maxWidth=64?format=webp', 'https://pisces.bbystatic.com/image2/BestBuy_US/images/products/f1c2ceeb-8a2d-4ffc-91de-6cac8576dccd.jpg;maxHeight=128;maxWidth=64?format=webp', 'https://pisces.bbystatic.com/image2/BestBuy_US/images/products/f1c2ceeb-8a2d-4ffc-91de-6cac8576dccd.jpg;maxHeight=1920;maxWidth=900?format=webp']","Resolution4K (2160p)Screen Size Class77 inchesDisplay TypeOLEDSmart CapableYesVoice Assistant Built-inAmazon Alexa, Bixby",2599.99,400,108.34
23,5,"LG - 55"" Class G4 Series OLED evo 4K UHD Smart webOS TV (2024)",4.9,7,"['https://pisces.bbystatic.com/image2/BestBuy_US/images/products/b004f684-ba43-479a-b595-9820caed4d7f.jpg;maxHeight=128;maxWidth=64?format=webp', 'https://pisces.bbystatic.com/prescaled/180/320/image2/BestBuy_US/images/videos/1806534108.jpg;maxHeight=128;maxWidth=64?format=webp', 'https://pisces.bbystatic.com/image2/BestBuy_US/images/products/b004f684-ba43-479a-b595-9820caed4d7f.jpg;maxHeight=128;maxWidth=64?format=webp', 'https://pisces.bbystatic.com/image2/BestBuy_US/images/products/b004f684-ba43-479a-b595-9820caed4d7f.jpg;maxHeight=128;maxWidth=64?format=webp', 'https://pisces.bbystatic.com/image2/BestBuy_US/images/products/b004f684-ba43-479a-b595-9820caed4d7f.jpg;maxHeight=1920;maxWidth=900?format=webp']",,1899.99,300,79.17
24,6,"LG - 55"" Class G4 Series OLED evo 4K UHD Smart webOS TV (2024)",4.7,688,"['https://pisces.bbystatic.com/image2/BestBuy_US/images/products/b004f684-ba43-479a-b595-9820caed4d7f.jpg;maxHeight=128;maxWidth=64?format=webp', 'https://pisces.bbystatic.com/prescaled/180/320/image2/BestBuy_US/images/videos/1806534108.jpg;maxHeight=128;maxWidth=64?format=webp', 'https://pisces.bbystatic.com/image2/BestBuy_US/images/products/b004f684-ba43-479a-b595-9820caed4d7f.jpg;maxHeight=128;maxWidth=64?format=webp', 'https://pisces.bbystatic.com/image2/BestBuy_US/images/products/b004f684-ba43-479a-b595-9820caed4d7f.jpg;maxHeight=128;maxWidth=64?format=webp', 'https://pisces.bbystatic.com/image2/BestBuy_US/images/products/b004f684-ba43-479a-b595-9820caed4d7f.jpg;maxHeight=1920;maxWidth=900?format=webp']",,1899.99,300,79.17
25,7,"LG - 75"" Class 85A Series QNED evo AI MiniLED 4K UHD Smart webOS TV (2025)",4.7,253,"['https://pisces.bbystatic.com/image2/BestBuy_US/images/products/ece1d0bb-9b91-45e3-b0d4-8bcdd1b502f7.jpg;maxHeight=128;maxWidth=64?format=webp', 'https://pisces.bbystatic.com/prescaled/180/320/image2/BestBuy_US/images/videos/ksvqcepdhu2nveiw2yka.jpg;maxHeight=128;maxWidth=64?format=webp', 'https://pisces.bbystatic.com/image2/BestBuy_US/images/products/ece1d0bb-9b91-45e3-b0d4-8bcdd1b502f7.jpg;maxHeight=128;maxWidth=64?format=webp', 'https://pisces.bbystatic.com/image2/BestBuy_US/images/products/ece1d0bb-9b91-45e3-b0d4-8bcdd1b502f7.jpg;maxHeight=1920;maxWidth=900?format=webp']",Resolution4K (2160p)Screen Size Class75 inchesDisplay TypeLEDBacklight TypeEdge LitSmart CapableYesVoice Assistant Built-inAmazon Alexa,1399.99,400,58.34
26,8,"AWOL Vision - ALR C-100 100"" Ambient Light Rejection (ALR) Cinematic Fixed Frame Ultra Short Throw (UST) Projector Screen,4K/8K 3D - Gray",4.5,84,"['https://pisces.bbystatic.com/image2/BestBuy_US/images/products/8dfdff58-416e-4d6d-98e3-c991a6a1c96d.jpg;maxHeight=128;maxWidth=64?format=webp', 'https://pisces.bbystatic.com/prescaled/180/320/image2/BestBuy_US/images/videos/1286122750.jpg;maxHeight=128;maxWidth=64?format=webp', 'https://pisces.bbystatic.com/image2/BestBuy_US/images/products/8dfdff58-416e-4d6d-98e3-c991a6a1c96d.jpg;maxHeight=128;maxWidth=64?format=webp', 'https://pisces.bbystatic.com/image2/BestBuy_US/images/products/8dfdff58-416e-4d6d-98e3-c991a6a1c96d.jpg;maxHeight=1920;maxWidth=900?format=webp']",,999,400,41.63
27,9,"LG - 77"" Class G4 Series OLED evo 4K UHD Smart webOS TV with One Wall Design (2024)",0,0,"['https://pisces.bbystatic.com/image2/BestBuy_US/images/products/ae5953f7-abfc-4fcf-8fba-9a39b483f504.jpg;maxHeight=128;maxWidth=64?format=webp', 'https://pisces.bbystatic.com/prescaled/180/320/image2/BestBuy_US/images/videos/1806534108.jpg;maxHeight=128;maxWidth=64?format=webp', 'https://pisces.bbystatic.com/image2/BestBuy_US/images/products/ae5953f7-abfc-4fcf-8fba-9a39b483f504.jpg;maxHeight=128;maxWidth=64?format=webp', 'https://pisces.bbystatic.com/image2/BestBuy_US/images/products/ae5953f7-abfc-4fcf-8fba-9a39b483f504.jpg;maxHeight=128;maxWidth=64?format=webp', 'https://pisces.bbystatic.com/image2/BestBuy_US/images/products/ae5953f7-abfc-4fcf-8fba-9a39b483f504.jpg;maxHeight=1920;maxWidth=900?format=webp']",Resolution4K (2160p)Screen Size Class77 inchesDisplay TypeOLEDSmart CapableYesVoice Assistant Built-inAmazon Alexa,2999.99,500,125
28,10,"LG - 77"" Class C4 Series OLED evo 4K UHD Smart webOS TV (2024)",5,10,"['https://pisces.bbystatic.com/image2/BestBuy_US/images/products/e320237f-bdd7-4f65-a532-60e3df47bf74.jpg;maxHeight=128;maxWidth=64?format=webp', 'https://pisces.bbystatic.com/prescaled/180/320/image2/BestBuy_US/images/videos/1806534108.jpg;maxHeight=128;maxWidth=64?format=webp', 'https://pisces.bbystatic.com/image2/BestBuy_US/images/products/e320237f-bdd7-4f65-a532-60e3df47bf74.jpg;maxHeight=128;maxWidth=64?format=webp', 'https://pisces.bbystatic.com/image2/BestBuy_US/images/products/e320237f-bdd7-4f65-a532-60e3df47bf74.jpg;maxHeight=128;maxWidth=64?format=webp', 'https://pisces.bbystatic.com/image2/BestBuy_US/images/products/e320237f-bdd7-4f65-a532-60e3df47bf74.jpg;maxHeight=1920;maxWidth=900?format=webp']",Resolution4K (2160p)Screen Size Class77 inchesDisplay TypeOLEDSmart CapableYesVoice Assistant Built-inAmazon Alexa,2199.99,300,91.67
29,11,"Sony - 55"" class BRAVIA XR A75L OLED 4K UHD Smart Google TV (2023)",4.8,535,"['https://pisces.bbystatic.com/image2/BestBuy_US/images/products/6559/6559234_sd.jpg;maxHeight=128;maxWidth=64?format=webp', 'https://pisces.bbystatic.com/prescaled/180/320/image2/BestBuy_US/images/videos/1461865173.jpg;maxHeight=128;maxWidth=64?format=webp', 'https://pisces.bbystatic.com/image2/BestBuy_US/images/products/6559/6559234_sd.jpg;maxHeight=128;maxWidth=64?format=webp', 'https://pisces.bbystatic.com/image2/BestBuy_US/images/products/6559/6559234_sd.jpg;maxHeight=1920;maxWidth=900?format=webp']",Resolution4K (2160p)Screen Size Class55 inchesDisplay TypeOLEDSmart CapableYesVoice Assistant Built-inGoogle Assistant,1099.99,100,45.84
30,12,"Sony - 65"" Class BRAVIA 8 II OLED 4K UHD Smart Google TV (2025)",5,1,"['https://pisces.bbystatic.com/image2/BestBuy_US/images/products/8e8db997-318f-481d-9a67-22f15adbfc37.jpg;maxHeight=128;maxWidth=64?format=webp', 'https://pisces.bbystatic.com/prescaled/180/320/image2/BestBuy_US/images/videos/wkghdik2e4ivfvjpdn86.jpg;maxHeight=128;maxWidth=64?format=webp', 'https://pisces.bbystatic.com/image2/BestBuy_US/images/products/8e8db997-318f-481d-9a67-22f15adbfc37.jpg;maxHeight=128;maxWidth=64?format=webp', 'https://pisces.bbystatic.com/image2/BestBuy_US/images/products/8e8db997-318f-481d-9a67-22f15adbfc37.jpg;maxHeight=128;maxWidth=64?format=webp', 'https://pisces.bbystatic.com/image2/BestBuy_US/images/products/8e8db997-318f-481d-9a67-22f15adbfc37.jpg;maxHeight=1920;maxWidth=900?format=webp']",,2999.99,1000,125
31,13,"Sony - 55"" Class BRAVIA 8 OLED 4K UHD Smart Google TV (2024)",4.6,361,"['https://pisces.bbystatic.com/image2/BestBuy_US/images/products/6578/6578569_sd.jpg;maxHeight=128;maxWidth=64?format=webp', 'https://pisces.bbystatic.com/prescaled/180/320/image2/BestBuy_US/images/videos/n9uafnsglgodpxf2ypoz.jpg;maxHeight=128;maxWidth=64?format=webp', 'https://pisces.bbystatic.com/image2/BestBuy_US/images/products/6578/6578569_sd.jpg;maxHeight=128;maxWidth=64?format=webp', 'https://pisces.bbystatic.com/image2/BestBuy_US/images/products/6578/6578569_sd.jpg;maxHeight=128;maxWidth=64?format=webp', 'https://pisces.bbystatic.com/image2/BestBuy_US/images/products/6578/6578569_sd.jpg;maxHeight=1920;maxWidth=900?format=webp']",,1499.99,200,62.5
32,14,Ethereal - HELIOS 8-Outlet 3240 Joules Surge Protector - Black Brushed Aluminum,4.4,10,"['https://pisces.bbystatic.com/image2/BestBuy_US/images/products/ea75c30f-766b-46b4-874b-cef752ff1449.jpg;maxHeight=128;maxWidth=64?format=webp', 'https://pisces.bbystatic.com/prescaled/180/320/image2/BestBuy_US/images/videos/ytxmvzmgwlbmtvubytqc.jpg;maxHeight=128;maxWidth=64?format=webp', 'https://pisces.bbystatic.com/image2/BestBuy_US/images/products/ea75c30f-766b-46b4-874b-cef752ff1449.jpg;maxHeight=1920;maxWidth=900?format=webp']",,179.99,30,0
33,15,Samsung - Slim Fit Wall Mount - Black,5,2,"['https://pisces.bbystatic.com/image2/BestBuy_US/images/products/6561/6561049_sd.jpg;maxHeight=128;maxWidth=64?format=webp', 'https://pisces.bbystatic.com/image2/BestBuy_US/images/products/6561/6561049_sd.jpg;maxHeight=128;maxWidth=64?format=webp', 'https://pisces.bbystatic.com/image2/BestBuy_US/images/products/6561/6561049_sd.jpg;maxHeight=1920;maxWidth=900?format=webp']",,97.99,32,0
34,16,Ethereal - HELIOS 12-Outlet/2-USB Unlimited Joules Surge Protector - Black Brushed Aluminum,4.4,23,"['https://pisces.bbystatic.com/image2/BestBuy_US/images/products/e4b2619d-5e9a-412f-84c0-38cafd390495.jpg;maxHeight=128;maxWidth=64?format=webp', 'https://pisces.bbystatic.com/prescaled/180/320/image2/BestBuy_US/images/videos/ytxmvzmgwlbmtvubytqc.jpg;maxHeight=128;maxWidth=64?format=webp', 'https://pisces.bbystatic.com/image2/BestBuy_US/images/products/e4b2619d-5e9a-412f-84c0-38cafd390495.jpg;maxHeight=1920;maxWidth=900?format=webp']",,419.99,80,35
35,0,Samsung - 65 Class S95F Series OLED 4K UHD SamsungVision AI Smart Tizen TV (2025),4.6,14,https://www.bestbuy.com/site/samsung-65-class-s95f-series-oled-4k-uhd-samsungvision-ai-smart-tizen-tv-2025/6613492.p?skuId=6613492,,3099.99,1000,129.16
36,1,"Sony - 65"" Class BRAVIA 8 OLED 4K UHD Smart Google TV (2024)",4.7,737,https://www.bestbuy.com/site/sony-65-class-bravia-8-oled-4k-uhd-smart-google-tv-2024/6578577.p?skuId=6578577,,1699.99,400,70.83
37,2,Samsung - 43 Class QN90D Series Neo QLED 4K Mini LED Smart Tizen TV (2024),4.5,67,https://www.bestbuy.com/site/samsung-43-class-qn90d-series-neo-qled-4k-mini-led-smart-tizen-tv-2024/6576432.p?skuId=6576432,,899.99,200,37.5
38,3,Samsung - The Freestyle 2nd Gen with Gaming Hub FHD HDR Smart Portable Projector - White,4.5,297,https://www.bestbuy.com/site/samsung-the-freestyle-2nd-gen-with-gaming-hub-fhd-hdr-smart-portable-projector-white/6552953.p?skuId=6552953,,599.99,100,24.99
39,4,Samsung - 65 Class QN90F Series Neo QLED Mini LED 4K UHD SamsungVision AI Smart Tizen TV (2025),4.6,5,https://www.bestbuy.com/site/samsung-65-class-qn90f-series-neo-qled-mini-led-4k-uhd-samsungvision-ai-smart-tizen-tv-2025/6613496.p?skuId=6613496,,2099.99,600,87.49
40,5,"Sony - 65"" Class BRAVIA 8 II OLED 4K UHD Smart Google TV (2025)",5,10,https://www.bestbuy.com/site/sony-65-class-bravia-8-ii-oled-4k-uhd-smart-google-tv-2025/6626032.p?skuId=6626032,,2999.99,100,124.99
41,6,"Sony - 55"" Class BRAVIA 8 OLED 4K UHD Smart Google TV (2024)",4.6,361,https://www.bestbuy.com/site/sony-55-class-bravia-8-oled-4k-uhd-smart-google-tv-2024/6578569.p?skuId=6578569,,1398,200,58.25
42,7,"AWOL Vision - LTV-3000 Pro 4K Smart UHD 3D Triple Laser Ultra Short Throw Projector with HDR10+, Dolby Vision & Atmos - Black",4.9,166,https://www.bestbuy.com/site/awol-vision-ltv-3000-pro-4k-smart-uhd-3d-triple-laser-ultra-short-throw-projector-with-hdr10--dolby-vision-atmos-black/6567557.p?skuId=6567557,,2999,700,124.95
43,8,"LG - 65"" Class C5 Series OLED evo AI 4K UHD Smart webOS TV (2025)",4.1,10,https://www.bestbuy.com/site/lg-65-class-c5-series-oled-evo-ai-4k-uhd-smart-webos-tv-2025/6621824.p?skuId=6621824,,2299.99,500,95.83
44,9,"Sony - 55"" class BRAVIA XR A95L OLED 4K UHD Smart Google TV (2023)",4.7,155,https://www.bestbuy.com/site/sony-55-class-bravia-xr-a95l-oled-4k-uhd-smart-google-tv-2023/6553384.p?skuId=6553384,,2199.99,500,91.66
45,10,Samsung - 65 Class S90F Series OLED 4K UHD SamsungVision AI Smart Tizen TV (2025),5,12,https://www.bestbuy.com/site/samsung-65-class-s90f-series-oled-4k-uhd-samsungvision-ai-smart-tizen-tv-2025/6613491.p?skuId=6613491,,2199.99,500,91.66
46,11,"Sony - 75"" Class BRAVIA 9 Mini LED QLED 4K UHD Smart Google TV (2024)",4.7,121,https://www.bestbuy.com/site/sony-75-class-bravia-9-mini-led-qled-4k-uhd-smart-google-tv-2024/6578575.p?skuId=6578575,,2998,400,124.9
47,12,"Sony - 55"" class BRAVIA 7 Mini LED QLED 4K UHD Smart Google TV (2024)",4.6,119,https://www.bestbuy.com/site/sony-55-class-bravia-7-mini-led-qled-4k-uhd-smart-google-tv-2024/6578573.p?skuId=6578573,,1299.99,400,54.16
48,13,Samsung - 50 Class QN90F Series Neo QLED Mini LED 4K UHD SamsungVision AI Smart Tizen TV (2025),5,3,https://www.bestbuy.com/site/samsung-50-class-qn90f-series-neo-qled-mini-led-4k-uhd-samsungvision-ai-smart-tizen-tv-2025/6613504.p?skuId=6613504,,1399.99,500,58.33
49,14,"Sony - 85"" class BRAVIA 7 Mini LED QLED 4K UHD Smart Google TV (2024)",4.6,184,https://www.bestbuy.com/site/sony-85-class-bravia-7-mini-led-qled-4k-uhd-smart-google-tv-2024/6578570.p?skuId=6578570,,2599.99,700,108.25
50,15,Samsung - 55 Class S95D Series OLED 4K Glare-Free Smart Tizen TV (2024),4.7,158,https://www.bestbuy.com/site/samsung-55-class-s95d-series-oled-4k-glare-free-smart-tizen-tv-2024/6576559.p?skuId=6576559,,1597.99,300,66.5
51,16,Samsung - 85 Class QN85D Series NEO QLED 4K Mini LED Smart Tizen TV (2024),4.6,163,https://www.bestbuy.com/site/samsung-85-class-qn85d-series-neo-qled-4k-mini-led-smart-tizen-tv-2024/6576433.p?skuId=6576433,,1539.99,400,64.16
52,17,Samsung - 65 Class QN90D Series Neo QLED 4K Mini LED Smart Tizen TV (2024),4.8,199,https://www.bestbuy.com/site/samsung-65-class-qn90d-series-neo-qled-4k-mini-led-smart-tizen-tv-2024/6576428.p?skuId=6576428,,1299.99,400,54.16
53,18,Samsung - 55 Class QN80F Series Neo QLED Mini LED 4K UHD SamsungVision AI Smart Tizen TV (2025),5,1,https://www.bestbuy.com/site/samsung-55-class-qn80f-series-neo-qled-mini-led-4k-uhd-samsungvision-ai-smart-tizen-tv-2025/6613502.p?skuId=6613502,,1199.99,200,49.99
54,19,Samsung - 43 Class QN90F Series Neo QLED Mini LED 4K UHD SamsungVision AI Smart Tizen TV (2025),5,1,https://www.bestbuy.com/site/samsung-43-class-qn90f-series-neo-qled-mini-led-4k-uhd-samsungvision-ai-smart-tizen-tv-2025/6613498.p?skuId=6613498,,1199.99,500,49.99
55,20,"LG - 77"" Class B4 Series OLED 4K UHD Smart webOS TV (2024)",4.7,180,https://www.bestbuy.com/site/lg-77-class-b4-series-oled-4k-uhd-smart-webos-tv-2024/6578055.p?skuId=6578055,,1599.99,300,66.66
56,21,Samsung - 55 Class S85F Series OLED 4K UHD SamsungVision AI Smart Tizen TV (2025),5,4,https://www.bestbuy.com/site/samsung-55-class-s85f-series-oled-4k-uhd-samsungvision-ai-smart-tizen-tv-2025/6614344.p?skuId=6614344,,1299.99,400,54.16
57,22,Samsung - 83 Class S85D Series OLED 4K Smart Tizen TV (2024),4.6,57,https://www.bestbuy.com/site/samsung-83-class-s85d-series-oled-4k-smart-tizen-tv-2024/6578060.p?skuId=6578060,,1999.99,500,83.33
58,23,"LG - 65"" Class 85A Series QNED evo AI MiniLED 4K UHD Smart  webOS TV (2025)",5,1,https://www.bestbuy.com/site/lg-65-class-85a-series-qned-evo-ai-miniled-4k-uhd-smart-webos-tv-2025/6621826.p?skuId=6621826,,999.99,200,41.66
59,24,"Sony - 65"" class BRAVIA XR A95L OLED 4K UHD Smart Google TV (2023)",4.7,377,https://www.bestbuy.com/site/sony-65-class-bravia-xr-a95l-oled-4k-uhd-smart-google-tv-2023/6553383.p?skuId=6553383,,2899.99,1000,120.84
60,25,Samsung - 75 Class QN90F Series Neo QLED Mini LED 4K UHD SamsungVision AI Smart Tizen TV (2025),5,3,https://www.bestbuy.com/site/samsung-75-class-qn90f-series-neo-qled-mini-led-4k-uhd-samsungvision-ai-smart-tizen-tv-2025/6613455.p?skuId=6613455,,2699.99,800,112.49
61,26,Samsung - 42 Class S90F Series OLED 4K UHD SamsungVision AI Smart Tizen TV (2025),4,4,https://www.bestbuy.com/site/samsung-42-class-s90f-series-oled-4k-uhd-samsungvision-ai-smart-tizen-tv-2025/6613495.p?skuId=6613495,,1199.99,400,49.99
62,27,"LG - 83"" Class B4 Series OLED 4K UHD Smart webOS TV (2024)",4.8,86,https://www.bestbuy.com/site/lg-83-class-b4-series-oled-4k-uhd-smart-webos-tv-2024/6593579.p?skuId=6593579,,1999.99,900,83.33
63,28,Samsung - 83 Class S90D Series OLED 4K UHD Smart Tizen TV (2024),4.2,81,https://www.bestbuy.com/site/samsung-83-class-s90d-series-oled-4k-uhd-smart-tizen-tv-2024/6578064.p?skuId=6578064,,2839.93,900,118.33
64,29,"LG - 65"" Class 90 Series QNED MiniLED 4K UHD Smart webOS TV (2024)",4.5,27,https://www.bestbuy.com/site/lg-65-class-90-series-qned-miniled-4k-uhd-smart-webos-tv-2024/6578052.p?skuId=6578052,,1099.99,200,45.83
